"RelativePath","SHA256","Length"
"DXB-RUNTIME-MANIFEST.csv",,"0"
"index.html","5D6088C26AA6202DFD7CE61A2FFF26430B447022189D5DC520E03D595E4C3FE5","7015"
"assets\main-cabin-tabletop.png","ABE787023CA219198E3F9F9908F6C2888DDAB2B22990B8347B4A3952B1527DBD","2823001"
"assets\tabletop.png","F7B3F829D451A583FCA678BA7CE3EBAC80027D8FA0F86FB266AFE8552B43B9AC","2902618"
"follow-up\follow-up.css","81D5034768739FA49E1D08A6093F6999CD55A1B36005569590367A8CCB314934","4666"
"follow-up\follow-up.js","F005B3F356A99024E33ADD9432C7FC2B41510438283B402725F9248185D4640A","3305"
"follow-up\index.html","388D19B62819374EA2611FF27E936A4C9A94C7B7D15394DD5BBDC85C3E83B487","9190"
"intro\index.html","5B6E69C6F09196753F688A4B39FA6070F6397336B99F9A31C1F2590DB05C5DAA","784"
"intro\intro.css","CBC7FBB239445A4F0358C816C3DDD87BB82513A10C45EA246628440FDB9D5BC6","947"
"intro\intro.js","38A74466EAB52E3B850DC7A57E7DBD49D147B08FE4B1EBD9066228EE27FCACD6","1098"
"intro\play-intro.html","0B91150BA0BEB179640F02959084398AA91464F90D0F489434A224F61ECBAFB5","6221"
"rooms\archives\archive-room-config.js","EF253C846A91EDA04FD60F1EF88A635E9AB447DF6255DB7D4AB47208200A1D27","1087"
"rooms\archives\archive-room-v03.png","237C4BE044B366470AAB2474B489E476A5E0CA2F99D1625E256E129FD3853CB1","2429368"
"rooms\archives\archive-room-v04.png","E86F34F38FE17C115B79AD5933F6FBC1F278CDB4553B92A894510E427EC57F39","2635660"
"rooms\archives\archive-room.css","50D0A2210F69B57878CC2260FCEEF06B0CF89D05BEFD40482BEFA03EC79F7ECD","25593"
"rooms\archives\archive-room.js","047EEA0D8CE7BF698D5BB8558FC701ABF541E2D3A2B7AFE406979E7CB2084D5E","55667"
"rooms\archives\archive-room.png","DFEFA55DACF2BEAD4015557606AB73D263B17971F7FD4DE788245867EA54C6FA","3379796"
"rooms\archives\index.html","C9E4F2129309D03EB747F58C6BD450A645BD49249763CA5126EF367C3769D25D","12983"
"rooms\archives\v7-final-overrides.css","93F127D244AFD22F577C3FBDA6A8D31D993FCAF2D3A1343DCCC464B3AD16BFEF","29465"
"rooms\maps\index.html","606B63066CCBCAF9CCA86A0B0151ACE6A84ADBBAFAF6C67F819C1FCDC76CB2D3","26309"
"rooms\maps\maps-room.css","24242CF292B3EF4026D95F4A942CE81AFBC3DF1073B7C941C8AD975423C8D8B6","23170"
"rooms\maps\maps-room.js","93419938F133EAD671FD03EB6DC9B24B2F14541D49ACCA57982C6E3EFE9BC41B","12353"
"rooms\maps\maps-room.png","E85CAB2241E51DF8EBBBF286B45C13099A99DAC0C2D5EE583817CC4A4540E8FC","3704290"
